{
    "root_group": {
        "name": "",
        "path": "",
        "id": "d41d8cd98f00b204e9800998ecf8427e",
        "groups": {},
        "checks": {
                "search capacity 200": {
                    "name": "search capacity 200",
                    "path": "::search capacity 200",
                    "id": "7cf736e2eac064c3110ecd1ea2dbac71",
                    "passes": 906,
                    "fails": 13
                },
                "filter capacity 200": {
                    "name": "filter capacity 200",
                    "path": "::filter capacity 200",
                    "id": "97f70e8d6bf15752b2a3cb539a98450b",
                    "passes": 592,
                    "fails": 282
                }
            }
    },
    "metrics": {
        "iteration_duration": {
            "avg": 35842.85462861896,
            "min": 985.491105,
            "med": 31593.328654999998,
            "max": 90010.860915,
            "p(90)": 66411.8410614,
            "p(95)": 70910.2001102
        },
        "http_req_tls_handshaking": {
            "max": 0,
            "p(90)": 0,
            "p(95)": 0,
            "avg": 0,
            "min": 0,
            "med": 0
        },
        "http_req_receiving": {
            "p(95)": 54059.7685468,
            "avg": 11482.813356002784,
            "min": 0,
            "med": 0.082207,
            "max": 58665.338325,
            "p(90)": 45755.63336619999
        },
        "search_filter_capacity_search_duration": {
            "max": 35121.882672,
            "p(90)": 15813.581730400003,
            "p(95)": 20606.627462599994,
            "avg": 7968.696331549504,
            "min": 0,
            "med": 6572.856253,
            "thresholds": {
                "p(95)<900": true
            }
        },
        "data_sent": {
            "count": 276406,
            "rate": 618.3709546944845
        },
        "search_filter_capacity_iteration_duration": {
            "avg": 35602.91075514874,
            "min": 985,
            "med": 31387.5,
            "max": 89387,
            "p(90)": 66027.90000000001,
            "p(95)": 70348.5,
            "thresholds": {
                "p(95)<1800": true
            }
        },
        "http_req_waiting": {
            "p(95)": 16038.646056799973,
            "avg": 5884.428735365309,
            "min": 0,
            "med": 4764.924974,
            "max": 34958.946107,
            "p(90)": 12149.022887199999
        },
        "search_filter_capacity_errors": {
            "passes": 295,
            "fails": 1498,
            "thresholds": {
                "rate<0.01": true
            },
            "value": 0.1645287228109314
        },
        "http_req_connecting": {
            "min": 0,
            "med": 0,
            "max": 19193.95295,
            "p(90)": 116.041804,
            "p(95)": 155.52455279999995,
            "avg": 59.67807130897938
        },
        "vus": {
            "value": 45,
            "min": 3,
            "max": 80
        },
        "http_req_failed": {
            "passes": 295,
            "fails": 1498,
            "thresholds": {
                "rate<0.01": true
            },
            "value": 0.1645287228109314
        },
        "search_filter_capacity_filter_duration": {
            "max": 59666.507307,
            "p(90)": 59573.5865848,
            "p(95)": 59605.41053885,
            "avg": 27294.0633042094,
            "min": 844.026817,
            "med": 24043.497765,
            "thresholds": {
                "p(95)<1000": true
            }
        },
        "http_req_sending": {
            "p(90)": 0.08150399999999998,
            "p(95)": 0.10840599999999995,
            "avg": 21.627544199665383,
            "min": 0,
            "med": 0.037035,
            "max": 3598.807094
        },
        "http_req_duration{expected_response:true}": {
            "med": 10780.7646895,
            "max": 59275.2888,
            "p(90)": 39093.255949499995,
            "p(95)": 49158.4025949,
            "avg": 15722.86184754672,
            "min": 6.843603
        },
        "data_received": {
            "rate": 2711124.768186775,
            "count": 1211847269
        },
        "http_req_duration": {
            "avg": 17388.869635567768,
            "min": 0,
            "med": 10177.904756,
            "max": 59666.507307,
            "p(90)": 49710.9380142,
            "p(95)": 59573.4079824,
            "thresholds": {
                "p(95)<1000": true
            }
        },
        "http_req_blocked": {
            "p(95)": 158.86025339999992,
            "avg": 61.27488012102622,
            "min": 0,
            "med": 0.008699,
            "max": 19194.056856,
            "p(90)": 117.5445986
        },
        "dropped_iterations": {
            "count": 4751,
            "rate": 10.628859018087507
        },
        "vus_max": {
            "value": 80,
            "min": 15,
            "max": 80
        },
        "iterations": {
            "count": 874,
            "rate": 1.9552984175559842
        },
        "http_reqs": {
            "count": 1793,
            "rate": 4.0112700945971165
        },
        "checks": {
            "passes": 1498,
            "fails": 295,
            "value": 0.8354712771890686
        }
    }
}