{
    "metrics": {
        "http_req_duration": {
            "avg": 1294.4730302262547,
            "min": -150.722961,
            "med": 732.3970775,
            "max": 13911.033575,
            "p(90)": 2865.3914765000004,
            "p(95)": 4160.369933249997,
            "thresholds": {
                "p(95)<1500": true
            }
        },
        "data_sent": {
            "rate": 1190.3828019377129,
            "count": 497649
        },
        "http_req_sending": {
            "avg": 33.03928591239079,
            "min": 0.007721,
            "med": 0.027198,
            "max": 6072.233213,
            "p(90)": 0.0604335,
            "p(95)": 0.074021
        },
        "http_req_tls_handshaking": {
            "p(95)": 0,
            "avg": 0,
            "min": 0,
            "med": 0,
            "max": 0,
            "p(90)": 0
        },
        "http_req_receiving": {
            "min": -183.60619,
            "med": 61.96864,
            "max": 11397.824629,
            "p(90)": 791.0274938000007,
            "p(95)": 1595.6857287999999,
            "avg": 370.50769651146317
        },
        "photo_capacity_errors": {
            "passes": 0,
            "fails": 3663,
            "thresholds": {
                "rate<0.01": false
            },
            "value": 0
        },
        "data_received": {
            "count": 303507667,
            "rate": 725994.239017939
        },
        "iterations": {
            "count": 3663,
            "rate": 8.761943063279222
        },
        "vus": {
            "value": 13,
            "min": 0,
            "max": 60
        },
        "photo_capacity_download_duration": {
            "p(95)": 4161.8023324999895,
            "avg": 1294.8148860636081,
            "min": -150.722961,
            "med": 733.141057,
            "max": 13911.033575,
            "p(90)": 2865.475628,
            "thresholds": {
                "p(95)<1400": true
            }
        },
        "http_req_connecting": {
            "avg": 6.697310319868993,
            "min": 0,
            "med": 0,
            "max": 1077.036627,
            "p(90)": 0,
            "p(95)": 0
        },
        "dropped_iterations": {
            "count": 117,
            "rate": 0.27986550324970494
        },
        "http_req_duration{expected_response:true}": {
            "avg": 1294.4730302262547,
            "min": -150.722961,
            "med": 732.3970775,
            "max": 13911.033575,
            "p(90)": 2865.3914765000004,
            "p(95)": 4160.369933249997
        },
        "vus_max": {
            "value": 60,
            "min": 10,
            "max": 60
        },
        "http_req_blocked": {
            "avg": 9.897510167849354,
            "min": 0.002425,
            "med": 0.005646,
            "max": 1077.115055,
            "p(90)": 0.010996600000000006,
            "p(95)": 0.019544849999999968
        },
        "http_req_failed": {
            "passes": 0,
            "fails": 3664,
            "thresholds": {
                "rate<0.01": false
            },
            "value": 0
        },
        "http_req_waiting": {
            "avg": 890.9260478024022,
            "min": 0,
            "med": 392.62263199999995,
            "max": 10532.829015,
            "p(90)": 2249.0759154,
            "p(95)": 2761.5910183499996
        },
        "iteration_duration": {
            "max": 14134.720018,
            "p(90)": 2871.7937262000014,
            "p(95)": 4225.9486335999945,
            "avg": 1315.7215522246818,
            "min": 3.843771,
            "med": 733.711796
        },
        "photo_capacity_iteration_duration": {
            "p(95)": 4188.299999999994,
            "avg": 1301.7447447447448,
            "min": -151,
            "med": 733,
            "max": 13911,
            "p(90)": 2872.4000000000015,
            "thresholds": {
                "p(95)<1700": true
            }
        },
        "http_reqs": {
            "count": 3664,
            "rate": 8.76433507612751
        },
        "checks": {
            "passes": 7326,
            "fails": 0,
            "value": 1
        }
    },
    "setup_data": {
        "productIds": [
            "67a21772a6d9e00ef2ac022a",
            "66db427fdb0119d9234b27f9",
            "67a2171ea6d9e00ef2ac0229",
            "66db427fdb0119d9234b27f5",
            "66db427fdb0119d9234b27f3",
            "66db427fdb0119d9234b27f1"
        ]
    },
    "root_group": {
        "name": "",
        "path": "",
        "id": "d41d8cd98f00b204e9800998ecf8427e",
        "groups": {},
        "checks": {
                "photo capacity 200": {
                    "name": "photo capacity 200",
                    "path": "::photo capacity 200",
                    "id": "e8a90ee184fca5b2072365d800227349",
                    "passes": 3663,
                    "fails": 0
                },
                "photo content returned": {
                    "passes": 3663,
                    "fails": 0,
                    "name": "photo content returned",
                    "path": "::photo content returned",
                    "id": "b6898d28121a5a4b11d299c94661d16f"
                }
            }
    }
}